{
    "RAINFOREST_RESIN": {
        "take_width": 2.0930859737204663,
        "clear_width": 0.9585869746654095,
        "disregard_edge": 